customer_id,customer_name,customer_segment,customer_city,customer_state,signup_date,is_active
CUST00001,Customer 00001,SMB,Portland,OR,2023-08-19,True
CUST00002,Customer 00002,Consumer,San Jose,CA,2024-10-28,True
CUST00003,Customer 00003,Consumer,Redmond,WA,2021-11-09,True
CUST00004,Customer 00004,Consumer,Salem,OR,2023-06-12,True
CUST00005,Customer 00005,Consumer,Tacoma,WA,2022-08-20,True
CUST00006,Customer 00006,Consumer,Tacoma,WA,2024-06-26,True
CUST00007,Customer 00007,Consumer,Renton,WA,2024-10-05,True
CUST00008,Customer 00008,Consumer,Salem,OR,2023-05-12,True
CUST00009,Customer 00009,Consumer,Hillsboro,OR,2024-08-12,True
CUST00010,Customer 00010,Wholesale,Renton,WA,2023-09-13,True
CUST00011,Customer 00011,Consumer,Kent,WA,2022-12-16,True
CUST00012,Customer 00012,Consumer,Everett,WA,2024-08-08,True
CUST00013,Customer 00013,Consumer,Everett,WA,2022-05-31,True
CUST00014,Customer 00014,Consumer,Salt Lake City,UT,2024-09-09,True
CUST00015,Customer 00015,Consumer,Renton,WA,2024-08-19,True
CUST00016,Customer 00016,Consumer,Provo,UT,2022-03-16,True
CUST00017,Customer 00017,Consumer,Las Vegas,NV,2024-03-22,True
CUST00018,Customer 00018,SMB,Hillsboro,OR,2022-08-08,True
CUST00019,Customer 00019,Wholesale,Bellevue,WA,2024-03-24,True
CUST00020,Customer 00020,SMB,Seattle,WA,2024-02-23,True
CUST00021,Customer 00021,Consumer,Sacramento,CA,2022-11-05,True
CUST00022,Customer 00022,Wholesale,Provo,UT,2024-12-09,True
CUST00023,Customer 00023,SMB,Redmond,WA,2023-02-05,True
CUST00024,Customer 00024,Consumer,Kent,WA,2023-07-12,False
CUST00025,Customer 00025,SMB,San Jose,CA,2023-05-01,True
CUST00026,Customer 00026,Consumer,Beaverton,OR,2024-02-06,True
CUST00027,Customer 00027,Consumer,San Jose,CA,2022-04-07,True
CUST00028,Customer 00028,Consumer,Las Vegas,NV,2023-08-27,True
CUST00029,Customer 00029,SMB,Salt Lake City,UT,2024-08-13,False
CUST00030,Customer 00030,Consumer,Beaverton,OR,2022-05-04,True
CUST00031,Customer 00031,SMB,Redmond,WA,2022-08-19,False
CUST00032,Customer 00032,SMB,Reno,NV,2022-10-07,False
CUST00033,Customer 00033,SMB,Salem,OR,2022-06-22,True
CUST00034,Customer 00034,Consumer,Renton,WA,2021-11-24,True
CUST00035,Customer 00035,SMB,Seattle,WA,2024-09-03,True
CUST00036,Customer 00036,Consumer,Las Vegas,NV,2023-09-02,True
CUST00037,Customer 00037,SMB,Beaverton,OR,2021-10-20,True
CUST00038,Customer 00038,SMB,Kent,WA,2023-12-09,True
CUST00039,Customer 00039,Consumer,Oakland,CA,2022-05-21,True
CUST00040,Customer 00040,Wholesale,Everett,WA,2024-06-14,True
CUST00041,Customer 00041,Consumer,San Jose,CA,2023-12-09,True
CUST00042,Customer 00042,Consumer,Bellevue,WA,2023-08-09,True
CUST00043,Customer 00043,SMB,Tacoma,WA,2021-12-01,True
CUST00044,Customer 00044,Wholesale,San Jose,CA,2023-09-05,True
CUST00045,Customer 00045,SMB,Beaverton,OR,2024-09-03,True
CUST00046,Customer 00046,Consumer,Kent,WA,2022-06-15,True
CUST00047,Customer 00047,Consumer,Sacramento,CA,2023-05-05,True
CUST00048,Customer 00048,Consumer,Everett,WA,2023-03-31,True
CUST00049,Customer 00049,Consumer,Beaverton,OR,2022-02-26,True
CUST00050,Customer 00050,Consumer,Redmond,WA,2023-09-08,True
CUST00051,Customer 00051,Consumer,Salt Lake City,UT,2024-10-12,True
CUST00052,Customer 00052,Consumer,Redmond,WA,2023-03-26,True
CUST00053,Customer 00053,Consumer,Everett,WA,2023-07-08,True
CUST00054,Customer 00054,Consumer,Oakland,CA,2024-08-06,True
CUST00055,Customer 00055,Consumer,Portland,OR,2023-10-23,True
CUST00056,Customer 00056,SMB,Renton,WA,2023-08-20,True
CUST00057,Customer 00057,Consumer,Tacoma,WA,2023-04-23,True
CUST00058,Customer 00058,Consumer,Salt Lake City,UT,2021-11-23,True
CUST00059,Customer 00059,Consumer,Fremont,CA,2024-05-27,True
CUST00060,Customer 00060,Consumer,Renton,WA,2023-01-30,True
CUST00061,Customer 00061,Consumer,Hillsboro,OR,2023-08-06,True
CUST00062,Customer 00062,Consumer,Boise,ID,2023-06-15,True
CUST00063,Customer 00063,Consumer,Bellevue,WA,2023-07-15,True
CUST00064,Customer 00064,Consumer,Everett,WA,2024-12-13,True
CUST00065,Customer 00065,Consumer,Salt Lake City,UT,2022-12-07,True
CUST00066,Customer 00066,Consumer,Bellevue,WA,2022-12-17,True
CUST00067,Customer 00067,SMB,San Jose,CA,2023-10-29,True
CUST00068,Customer 00068,SMB,Oakland,CA,2022-09-22,False
CUST00069,Customer 00069,SMB,Fremont,CA,2024-01-05,True
CUST00070,Customer 00070,Wholesale,Everett,WA,2022-09-11,True
CUST00071,Customer 00071,Consumer,Boise,ID,2024-05-25,True
CUST00072,Customer 00072,Consumer,Kent,WA,2022-06-04,True
CUST00073,Customer 00073,Consumer,Boise,ID,2023-12-03,True
CUST00074,Customer 00074,Wholesale,Seattle,WA,2023-06-10,True
CUST00075,Customer 00075,Wholesale,Hillsboro,OR,2024-05-10,True
CUST00076,Customer 00076,Wholesale,Redmond,WA,2023-07-08,True
CUST00077,Customer 00077,SMB,Hillsboro,OR,2023-03-31,True
CUST00078,Customer 00078,Consumer,Salt Lake City,UT,2021-10-09,True
CUST00079,Customer 00079,Consumer,Kent,WA,2021-12-26,True
CUST00080,Customer 00080,Consumer,Salt Lake City,UT,2024-08-11,True
CUST00081,Customer 00081,Consumer,Las Vegas,NV,2024-04-21,True
CUST00082,Customer 00082,Consumer,Renton,WA,2023-03-05,True
CUST00083,Customer 00083,Consumer,Bellevue,WA,2022-11-17,True
CUST00084,Customer 00084,Consumer,Las Vegas,NV,2025-01-01,True
CUST00085,Customer 00085,Consumer,Tacoma,WA,2023-03-14,True
CUST00086,Customer 00086,Consumer,Bellevue,WA,2024-01-20,True
CUST00087,Customer 00087,Consumer,Everett,WA,2023-02-15,True
CUST00088,Customer 00088,Consumer,Salt Lake City,UT,2023-09-29,True
CUST00089,Customer 00089,Consumer,Seattle,WA,2022-05-04,True
CUST00090,Customer 00090,Consumer,Sacramento,CA,2021-10-11,True
CUST00091,Customer 00091,Consumer,Sacramento,CA,2024-03-05,True
CUST00092,Customer 00092,SMB,Tacoma,WA,2024-05-28,True
CUST00093,Customer 00093,Wholesale,Tacoma,WA,2022-02-06,True
CUST00094,Customer 00094,Consumer,Portland,OR,2022-05-26,True
CUST00095,Customer 00095,Wholesale,Provo,UT,2022-07-10,True
CUST00096,Customer 00096,SMB,Sacramento,CA,2021-12-06,True
CUST00097,Customer 00097,Consumer,Tacoma,WA,2023-07-21,True
CUST00098,Customer 00098,SMB,Meridian,ID,2022-01-30,True
CUST00099,Customer 00099,Consumer,Kent,WA,2023-05-27,True
CUST00100,Customer 00100,Consumer,Redmond,WA,2024-02-28,True
CUST00101,Customer 00101,Consumer,Fremont,CA,2022-09-20,True
CUST00102,Customer 00102,Consumer,Portland,OR,2022-08-25,True
CUST00103,Customer 00103,SMB,San Jose,CA,2021-10-10,True
CUST00104,Customer 00104,Consumer,Renton,WA,2022-10-26,True
CUST00105,Customer 00105,Consumer,Provo,UT,2021-12-10,True
CUST00106,Customer 00106,Consumer,Las Vegas,NV,2022-07-24,True
CUST00107,Customer 00107,Consumer,Everett,WA,2022-09-26,True
CUST00108,Customer 00108,Wholesale,Boise,ID,2022-01-04,True
CUST00109,Customer 00109,Consumer,Redmond,WA,2024-07-14,True
CUST00110,Customer 00110,Consumer,Kent,WA,2023-07-19,True
CUST00111,Customer 00111,Consumer,Renton,WA,2022-11-17,True
CUST00112,Customer 00112,Consumer,Provo,UT,2024-07-18,True
CUST00113,Customer 00113,Wholesale,San Jose,CA,2023-01-16,True
CUST00114,Customer 00114,Consumer,Everett,WA,2024-10-30,True
CUST00115,Customer 00115,Consumer,Seattle,WA,2023-09-01,True
CUST00116,Customer 00116,Consumer,Fremont,CA,2023-07-27,True
CUST00117,Customer 00117,Wholesale,Redmond,WA,2024-05-12,True
CUST00118,Customer 00118,Consumer,Renton,WA,2024-11-10,True
CUST00119,Customer 00119,Consumer,Salem,OR,2023-11-22,True
CUST00120,Customer 00120,Consumer,Fremont,CA,2023-04-25,True
CUST00121,Customer 00121,SMB,Portland,OR,2021-10-30,True
CUST00122,Customer 00122,Consumer,Kent,WA,2024-08-13,True
CUST00123,Customer 00123,Consumer,Tacoma,WA,2022-04-04,True
CUST00124,Customer 00124,SMB,Provo,UT,2022-07-25,True
CUST00125,Customer 00125,Consumer,Hillsboro,OR,2021-12-26,True
CUST00126,Customer 00126,Consumer,Hillsboro,OR,2023-08-18,True
CUST00127,Customer 00127,Consumer,Kent,WA,2022-05-26,True
CUST00128,Customer 00128,Consumer,Oakland,CA,2023-03-08,True
CUST00129,Customer 00129,Consumer,Tacoma,WA,2023-06-09,True
CUST00130,Customer 00130,Consumer,Oakland,CA,2022-02-08,True
CUST00131,Customer 00131,Consumer,Everett,WA,2021-11-21,True
CUST00132,Customer 00132,Consumer,Sacramento,CA,2024-11-27,True
CUST00133,Customer 00133,Consumer,Everett,WA,2021-09-28,True
CUST00134,Customer 00134,Consumer,Hillsboro,OR,2021-12-01,True
CUST00135,Customer 00135,Consumer,Oakland,CA,2023-09-17,True
CUST00136,Customer 00136,SMB,Seattle,WA,2023-12-19,True
CUST00137,Customer 00137,SMB,Oakland,CA,2022-01-23,True
CUST00138,Customer 00138,Consumer,Salt Lake City,UT,2022-12-24,True
CUST00139,Customer 00139,Consumer,Redmond,WA,2024-09-30,False
CUST00140,Customer 00140,Consumer,Beaverton,OR,2022-04-02,True
CUST00141,Customer 00141,Consumer,Renton,WA,2022-07-14,True
CUST00142,Customer 00142,Wholesale,Provo,UT,2022-04-29,True
CUST00143,Customer 00143,Consumer,Kent,WA,2024-09-14,True
CUST00144,Customer 00144,Consumer,Meridian,ID,2023-08-12,True
CUST00145,Customer 00145,SMB,Fremont,CA,2022-11-14,True
CUST00146,Customer 00146,Consumer,Tacoma,WA,2022-08-07,True
CUST00147,Customer 00147,Wholesale,Portland,OR,2023-11-03,True
CUST00148,Customer 00148,Consumer,Seattle,WA,2024-01-12,True
CUST00149,Customer 00149,Consumer,Kent,WA,2022-05-15,True
CUST00150,Customer 00150,Consumer,Everett,WA,2022-06-17,True
CUST00151,Customer 00151,SMB,Renton,WA,2023-11-23,True
CUST00152,Customer 00152,Wholesale,Beaverton,OR,2024-03-16,True
CUST00153,Customer 00153,Consumer,Renton,WA,2021-10-24,True
CUST00154,Customer 00154,Consumer,Kent,WA,2022-09-30,True
CUST00155,Customer 00155,Consumer,Salem,OR,2024-10-12,True
CUST00156,Customer 00156,Consumer,Oakland,CA,2023-09-21,False
CUST00157,Customer 00157,Wholesale,Boise,ID,2023-06-30,True
CUST00158,Customer 00158,Consumer,Fremont,CA,2022-07-11,True
CUST00159,Customer 00159,Consumer,Redmond,WA,2022-03-31,False
CUST00160,Customer 00160,Consumer,Salem,OR,2024-06-01,True
CUST00161,Customer 00161,Consumer,Everett,WA,2022-10-04,True
CUST00162,Customer 00162,Consumer,Salem,OR,2023-08-04,True
CUST00163,Customer 00163,SMB,Provo,UT,2024-12-30,True
CUST00164,Customer 00164,Consumer,Salem,OR,2022-02-05,True
CUST00165,Customer 00165,SMB,Sacramento,CA,2023-11-12,True
CUST00166,Customer 00166,Consumer,Renton,WA,2022-04-15,True
CUST00167,Customer 00167,SMB,Salt Lake City,UT,2023-04-06,True
CUST00168,Customer 00168,Consumer,Portland,OR,2024-05-14,True
CUST00169,Customer 00169,Consumer,Tacoma,WA,2023-05-15,True
CUST00170,Customer 00170,Consumer,Tacoma,WA,2022-05-10,True
CUST00171,Customer 00171,Consumer,Salem,OR,2022-02-26,True
CUST00172,Customer 00172,Consumer,Seattle,WA,2022-09-05,True
CUST00173,Customer 00173,SMB,Oakland,CA,2023-06-02,True
CUST00174,Customer 00174,SMB,Meridian,ID,2022-07-02,True
CUST00175,Customer 00175,SMB,Redmond,WA,2022-11-21,True
CUST00176,Customer 00176,Wholesale,Bellevue,WA,2023-08-31,True
CUST00177,Customer 00177,Consumer,Tacoma,WA,2023-03-22,True
CUST00178,Customer 00178,Consumer,Sacramento,CA,2024-02-25,True
CUST00179,Customer 00179,Wholesale,Redmond,WA,2023-02-22,True
CUST00180,Customer 00180,Consumer,Meridian,ID,2022-06-11,True
CUST00181,Customer 00181,Consumer,Tacoma,WA,2024-02-20,True
CUST00182,Customer 00182,Consumer,Oakland,CA,2022-10-10,True
CUST00183,Customer 00183,Wholesale,Meridian,ID,2022-04-08,True
CUST00184,Customer 00184,Consumer,Seattle,WA,2023-05-24,False
CUST00185,Customer 00185,Wholesale,Sacramento,CA,2024-06-10,True
CUST00186,Customer 00186,Consumer,San Jose,CA,2024-09-09,True
CUST00187,Customer 00187,Consumer,Bellevue,WA,2022-09-11,True
CUST00188,Customer 00188,Consumer,Fremont,CA,2022-11-10,True
CUST00189,Customer 00189,Consumer,Redmond,WA,2022-06-02,True
CUST00190,Customer 00190,SMB,Portland,OR,2022-05-25,True
CUST00191,Customer 00191,Consumer,Fremont,CA,2023-01-25,False
CUST00192,Customer 00192,Consumer,Kent,WA,2022-06-11,True
CUST00193,Customer 00193,SMB,Kent,WA,2024-05-28,True
CUST00194,Customer 00194,Wholesale,Hillsboro,OR,2023-05-08,True
CUST00195,Customer 00195,Consumer,Meridian,ID,2021-10-30,True
CUST00196,Customer 00196,Wholesale,San Jose,CA,2022-03-21,True
CUST00197,Customer 00197,Consumer,Reno,NV,2023-01-11,True
CUST00198,Customer 00198,Consumer,Renton,WA,2024-03-27,True
CUST00199,Customer 00199,Consumer,Reno,NV,2022-07-14,True
CUST00200,Customer 00200,Consumer,Bellevue,WA,2023-05-08,True
CUST00201,Customer 00201,Consumer,Bellevue,WA,2021-12-24,True
CUST00202,Customer 00202,Wholesale,Redmond,WA,2024-01-31,True
CUST00203,Customer 00203,Wholesale,Meridian,ID,2023-05-08,True
CUST00204,Customer 00204,Consumer,Seattle,WA,2024-07-31,True
CUST00205,Customer 00205,Wholesale,Provo,UT,2021-11-17,True
CUST00206,Customer 00206,Consumer,San Jose,CA,2024-04-23,True
CUST00207,Customer 00207,Consumer,Oakland,CA,2022-12-03,True
CUST00208,Customer 00208,Consumer,Seattle,WA,2021-11-09,True
CUST00209,Customer 00209,Consumer,Portland,OR,2022-05-27,True
CUST00210,Customer 00210,Consumer,Kent,WA,2024-10-01,True
CUST00211,Customer 00211,Consumer,Kent,WA,2023-09-09,True
CUST00212,Customer 00212,Consumer,Kent,WA,2021-12-22,True
CUST00213,Customer 00213,SMB,Fremont,CA,2024-06-13,True
CUST00214,Customer 00214,Consumer,Hillsboro,OR,2022-12-05,True
CUST00215,Customer 00215,SMB,Bellevue,WA,2024-06-12,False
CUST00216,Customer 00216,Consumer,Everett,WA,2022-10-09,True
CUST00217,Customer 00217,Consumer,Provo,UT,2023-10-25,True
CUST00218,Customer 00218,Consumer,Portland,OR,2023-02-18,True
CUST00219,Customer 00219,Consumer,Redmond,WA,2021-11-23,True
CUST00220,Customer 00220,Consumer,Tacoma,WA,2024-03-05,True
CUST00221,Customer 00221,SMB,Hillsboro,OR,2024-03-11,False
CUST00222,Customer 00222,Consumer,Beaverton,OR,2024-11-10,True
CUST00223,Customer 00223,Consumer,Tacoma,WA,2023-03-10,True
CUST00224,Customer 00224,SMB,Bellevue,WA,2022-01-20,True
CUST00225,Customer 00225,SMB,Kent,WA,2022-02-15,True
CUST00226,Customer 00226,Wholesale,Beaverton,OR,2024-10-05,True
CUST00227,Customer 00227,Consumer,Las Vegas,NV,2024-10-30,True
CUST00228,Customer 00228,Consumer,Salem,OR,2024-05-25,True
CUST00229,Customer 00229,SMB,Reno,NV,2023-03-14,True
CUST00230,Customer 00230,Consumer,Renton,WA,2021-09-21,True
CUST00231,Customer 00231,Consumer,Redmond,WA,2022-06-17,True
CUST00232,Customer 00232,SMB,Tacoma,WA,2021-11-29,True
CUST00233,Customer 00233,SMB,Kent,WA,2022-09-07,True
CUST00234,Customer 00234,SMB,Salem,OR,2023-04-02,True
CUST00235,Customer 00235,Wholesale,Oakland,CA,2022-05-06,True
CUST00236,Customer 00236,Consumer,Boise,ID,2022-11-30,True
CUST00237,Customer 00237,Consumer,Hillsboro,OR,2022-09-13,True
CUST00238,Customer 00238,SMB,Sacramento,CA,2024-09-18,False
CUST00239,Customer 00239,Consumer,Hillsboro,OR,2022-02-27,True
CUST00240,Customer 00240,SMB,Fremont,CA,2023-01-15,True
CUST00241,Customer 00241,Consumer,Tacoma,WA,2023-09-26,True
CUST00242,Customer 00242,Consumer,Boise,ID,2023-07-04,True
CUST00243,Customer 00243,Consumer,Tacoma,WA,2023-02-06,True
CUST00244,Customer 00244,Consumer,Bellevue,WA,2022-10-04,True
CUST00245,Customer 00245,Consumer,San Jose,CA,2022-01-11,True
CUST00246,Customer 00246,Consumer,Renton,WA,2023-04-04,True
CUST00247,Customer 00247,SMB,San Jose,CA,2024-02-18,True
CUST00248,Customer 00248,Consumer,Portland,OR,2022-08-17,True
CUST00249,Customer 00249,Consumer,Renton,WA,2022-02-17,True
CUST00250,Customer 00250,Consumer,Renton,WA,2022-04-11,True
CUST00251,Customer 00251,Consumer,Bellevue,WA,2024-09-11,True
CUST00252,Customer 00252,SMB,Bellevue,WA,2023-07-28,True
CUST00253,Customer 00253,SMB,Kent,WA,2024-01-08,True
CUST00254,Customer 00254,Consumer,Beaverton,OR,2023-01-07,True
CUST00255,Customer 00255,Consumer,Boise,ID,2022-06-05,True
CUST00256,Customer 00256,Consumer,Meridian,ID,2022-08-30,True
CUST00257,Customer 00257,Consumer,Renton,WA,2022-06-04,True
CUST00258,Customer 00258,Consumer,Reno,NV,2024-05-30,True
CUST00259,Customer 00259,Consumer,Portland,OR,2023-04-07,True
CUST00260,Customer 00260,Consumer,Tacoma,WA,2022-02-21,True
CUST00261,Customer 00261,Wholesale,Beaverton,OR,2023-01-17,True
CUST00262,Customer 00262,Consumer,Salt Lake City,UT,2024-03-08,True
CUST00263,Customer 00263,SMB,Bellevue,WA,2024-07-31,True
CUST00264,Customer 00264,Consumer,Sacramento,CA,2021-11-04,True
CUST00265,Customer 00265,Consumer,Redmond,WA,2023-03-12,True
CUST00266,Customer 00266,Consumer,Beaverton,OR,2022-05-17,True
CUST00267,Customer 00267,Consumer,Renton,WA,2023-01-12,True
CUST00268,Customer 00268,Consumer,Kent,WA,2022-12-08,True
CUST00269,Customer 00269,Wholesale,Tacoma,WA,2024-07-01,True
CUST00270,Customer 00270,Consumer,Salem,OR,2024-10-09,True
CUST00271,Customer 00271,Consumer,Boise,ID,2022-05-03,True
CUST00272,Customer 00272,Consumer,Provo,UT,2023-01-29,False
CUST00273,Customer 00273,Consumer,Everett,WA,2023-08-13,True
CUST00274,Customer 00274,Consumer,Salt Lake City,UT,2023-06-02,True
CUST00275,Customer 00275,SMB,San Jose,CA,2023-02-16,True
CUST00276,Customer 00276,Consumer,Everett,WA,2023-08-04,True
CUST00277,Customer 00277,Consumer,Fremont,CA,2021-09-26,True
CUST00278,Customer 00278,Wholesale,Las Vegas,NV,2022-10-22,True
CUST00279,Customer 00279,Consumer,San Jose,CA,2022-11-22,True
CUST00280,Customer 00280,Consumer,Bellevue,WA,2022-01-19,True
CUST00281,Customer 00281,Consumer,Oakland,CA,2023-04-10,True
CUST00282,Customer 00282,Consumer,Tacoma,WA,2023-09-26,False
CUST00283,Customer 00283,SMB,Renton,WA,2024-06-08,True
CUST00284,Customer 00284,Consumer,Portland,OR,2024-04-08,True
CUST00285,Customer 00285,SMB,Bellevue,WA,2024-01-28,True
CUST00286,Customer 00286,Consumer,Renton,WA,2023-09-03,False
CUST00287,Customer 00287,Consumer,Salem,OR,2023-08-31,True
CUST00288,Customer 00288,Wholesale,Meridian,ID,2023-12-01,True
CUST00289,Customer 00289,Consumer,Provo,UT,2023-06-04,True
CUST00290,Customer 00290,Wholesale,Salem,OR,2023-11-20,True
CUST00291,Customer 00291,Consumer,Renton,WA,2022-04-23,True
CUST00292,Customer 00292,SMB,Portland,OR,2022-02-10,True
CUST00293,Customer 00293,Consumer,Tacoma,WA,2022-06-26,True
CUST00294,Customer 00294,Consumer,Kent,WA,2023-10-05,True
CUST00295,Customer 00295,Consumer,Reno,NV,2022-10-13,True
CUST00296,Customer 00296,Consumer,Seattle,WA,2024-11-05,True
CUST00297,Customer 00297,Consumer,Everett,WA,2024-03-08,True
CUST00298,Customer 00298,Consumer,Tacoma,WA,2024-03-23,True
CUST00299,Customer 00299,Wholesale,Portland,OR,2024-11-24,True
CUST00300,Customer 00300,Consumer,Meridian,ID,2023-05-22,True
CUST00301,Customer 00301,Consumer,Bellevue,WA,2022-06-10,True
CUST00302,Customer 00302,Consumer,Meridian,ID,2024-11-29,True
CUST00303,Customer 00303,Consumer,Beaverton,OR,2024-12-29,True
CUST00304,Customer 00304,Consumer,Kent,WA,2024-07-10,True
CUST00305,Customer 00305,Consumer,Redmond,WA,2022-02-27,True
CUST00306,Customer 00306,Consumer,Kent,WA,2022-11-01,False
CUST00307,Customer 00307,Consumer,Seattle,WA,2024-08-16,True
CUST00308,Customer 00308,SMB,San Jose,CA,2023-02-21,True
CUST00309,Customer 00309,SMB,Renton,WA,2024-01-09,True
CUST00310,Customer 00310,Consumer,Sacramento,CA,2024-03-31,True
CUST00311,Customer 00311,Consumer,Sacramento,CA,2023-11-16,True
CUST00312,Customer 00312,Consumer,Seattle,WA,2023-04-07,True
CUST00313,Customer 00313,Consumer,Provo,UT,2023-12-07,True
CUST00314,Customer 00314,SMB,Boise,ID,2023-02-22,True
CUST00315,Customer 00315,SMB,Sacramento,CA,2022-07-16,True
CUST00316,Customer 00316,Consumer,Bellevue,WA,2022-03-20,True
CUST00317,Customer 00317,SMB,Oakland,CA,2022-08-16,True
CUST00318,Customer 00318,Consumer,Beaverton,OR,2023-03-16,True
CUST00319,Customer 00319,Consumer,Renton,WA,2022-08-13,True
CUST00320,Customer 00320,Consumer,Kent,WA,2023-01-10,True
CUST00321,Customer 00321,Wholesale,Everett,WA,2024-09-06,True
CUST00322,Customer 00322,Consumer,Hillsboro,OR,2024-02-09,False
CUST00323,Customer 00323,Consumer,Redmond,WA,2022-07-19,True
CUST00324,Customer 00324,Consumer,Tacoma,WA,2022-12-22,True
CUST00325,Customer 00325,Consumer,Beaverton,OR,2022-12-04,True
CUST00326,Customer 00326,Consumer,Fremont,CA,2022-10-09,True
CUST00327,Customer 00327,Consumer,Seattle,WA,2023-12-17,True
CUST00328,Customer 00328,Consumer,Redmond,WA,2023-07-18,True
CUST00329,Customer 00329,Consumer,Redmond,WA,2022-04-02,True
CUST00330,Customer 00330,Consumer,Seattle,WA,2022-07-05,False
CUST00331,Customer 00331,Consumer,Meridian,ID,2024-08-22,True
CUST00332,Customer 00332,SMB,Renton,WA,2024-01-11,True
CUST00333,Customer 00333,Wholesale,Portland,OR,2024-03-23,True
CUST00334,Customer 00334,Consumer,Hillsboro,OR,2022-12-08,True
CUST00335,Customer 00335,Consumer,Salt Lake City,UT,2024-07-09,True
CUST00336,Customer 00336,SMB,Everett,WA,2022-01-21,True
CUST00337,Customer 00337,Consumer,Redmond,WA,2023-03-24,True
CUST00338,Customer 00338,Consumer,Everett,WA,2024-04-14,True
CUST00339,Customer 00339,SMB,Fremont,CA,2024-04-12,True
CUST00340,Customer 00340,SMB,Reno,NV,2022-02-05,True
CUST00341,Customer 00341,Wholesale,Renton,WA,2023-09-28,True
CUST00342,Customer 00342,SMB,Provo,UT,2023-08-07,True
CUST00343,Customer 00343,Consumer,Provo,UT,2023-04-22,True
CUST00344,Customer 00344,Consumer,Everett,WA,2021-09-30,True
CUST00345,Customer 00345,SMB,Oakland,CA,2021-11-04,True
CUST00346,Customer 00346,Consumer,Boise,ID,2021-10-08,True
CUST00347,Customer 00347,Consumer,Redmond,WA,2024-10-31,True
CUST00348,Customer 00348,Consumer,Hillsboro,OR,2023-04-24,True
CUST00349,Customer 00349,Consumer,Meridian,ID,2024-08-05,True
CUST00350,Customer 00350,Consumer,Kent,WA,2023-11-11,True
CUST00351,Customer 00351,SMB,Tacoma,WA,2023-01-25,False
CUST00352,Customer 00352,Consumer,Renton,WA,2024-05-29,True
CUST00353,Customer 00353,Consumer,Hillsboro,OR,2024-03-19,True
CUST00354,Customer 00354,SMB,Kent,WA,2022-08-29,True
CUST00355,Customer 00355,SMB,Boise,ID,2021-10-06,True
CUST00356,Customer 00356,Consumer,Bellevue,WA,2022-02-12,True
CUST00357,Customer 00357,Consumer,Meridian,ID,2022-10-19,True
CUST00358,Customer 00358,Consumer,Salt Lake City,UT,2024-09-24,True
CUST00359,Customer 00359,Consumer,Salem,OR,2024-12-16,True
CUST00360,Customer 00360,SMB,Renton,WA,2022-09-29,True
CUST00361,Customer 00361,Consumer,Redmond,WA,2022-12-21,True
CUST00362,Customer 00362,Consumer,Redmond,WA,2021-12-02,True
CUST00363,Customer 00363,Consumer,Salt Lake City,UT,2024-06-17,True
CUST00364,Customer 00364,Consumer,Oakland,CA,2022-12-15,True
CUST00365,Customer 00365,Consumer,Redmond,WA,2024-10-11,True
CUST00366,Customer 00366,SMB,Renton,WA,2022-02-03,True
CUST00367,Customer 00367,Consumer,Beaverton,OR,2023-03-21,True
CUST00368,Customer 00368,Consumer,Provo,UT,2022-02-28,True
CUST00369,Customer 00369,Consumer,Hillsboro,OR,2024-11-28,True
CUST00370,Customer 00370,Consumer,Sacramento,CA,2024-11-08,True
CUST00371,Customer 00371,SMB,Everett,WA,2021-10-05,True
CUST00372,Customer 00372,Consumer,Sacramento,CA,2022-11-15,True
CUST00373,Customer 00373,Consumer,San Jose,CA,2024-05-21,True
CUST00374,Customer 00374,Consumer,Kent,WA,2023-11-11,True
CUST00375,Customer 00375,SMB,Sacramento,CA,2024-08-27,True
CUST00376,Customer 00376,Wholesale,Hillsboro,OR,2022-04-28,True
CUST00377,Customer 00377,Consumer,Bellevue,WA,2022-01-06,True
CUST00378,Customer 00378,SMB,Tacoma,WA,2023-07-10,True
CUST00379,Customer 00379,Consumer,Bellevue,WA,2023-05-01,True
CUST00380,Customer 00380,SMB,Provo,UT,2023-11-04,True
CUST00381,Customer 00381,Consumer,Salem,OR,2023-06-21,True
CUST00382,Customer 00382,SMB,Salem,OR,2022-10-16,True
CUST00383,Customer 00383,Consumer,Salt Lake City,UT,2023-05-23,False
CUST00384,Customer 00384,Consumer,Kent,WA,2022-04-26,True
CUST00385,Customer 00385,Wholesale,Meridian,ID,2023-06-25,True
CUST00386,Customer 00386,Consumer,Beaverton,OR,2022-01-10,True
CUST00387,Customer 00387,Consumer,Seattle,WA,2022-05-10,True
CUST00388,Customer 00388,Wholesale,San Jose,CA,2024-02-13,True
CUST00389,Customer 00389,Consumer,Las Vegas,NV,2023-11-20,True
CUST00390,Customer 00390,Consumer,Renton,WA,2024-07-02,True
CUST00391,Customer 00391,SMB,Everett,WA,2024-10-17,True
CUST00392,Customer 00392,Consumer,Tacoma,WA,2024-10-19,False
CUST00393,Customer 00393,Consumer,Kent,WA,2023-05-20,True
CUST00394,Customer 00394,Consumer,Redmond,WA,2023-02-15,True
CUST00395,Customer 00395,SMB,Provo,UT,2024-04-02,True
CUST00396,Customer 00396,SMB,Beaverton,OR,2023-02-24,True
CUST00397,Customer 00397,SMB,Hillsboro,OR,2024-12-04,True
CUST00398,Customer 00398,Consumer,Fremont,CA,2022-09-24,True
CUST00399,Customer 00399,Consumer,Portland,OR,2024-06-20,True
CUST00400,Customer 00400,Wholesale,Renton,WA,2024-12-19,True
CUST00401,Customer 00401,Consumer,Tacoma,WA,2023-02-26,True
CUST00402,Customer 00402,Consumer,San Jose,CA,2022-12-27,True
CUST00403,Customer 00403,Consumer,Seattle,WA,2024-02-09,True
CUST00404,Customer 00404,Consumer,Hillsboro,OR,2023-05-08,True
CUST00405,Customer 00405,Consumer,Bellevue,WA,2022-06-15,True
CUST00406,Customer 00406,SMB,Salem,OR,2022-05-13,True
CUST00407,Customer 00407,SMB,Boise,ID,2024-07-18,True
CUST00408,Customer 00408,Consumer,Hillsboro,OR,2021-11-03,True
CUST00409,Customer 00409,Consumer,Boise,ID,2024-03-01,True
CUST00410,Customer 00410,Consumer,Meridian,ID,2023-11-08,True
CUST00411,Customer 00411,SMB,Salem,OR,2022-06-18,True
CUST00412,Customer 00412,Consumer,Redmond,WA,2022-05-31,True
CUST00413,Customer 00413,Consumer,Seattle,WA,2024-12-26,True
CUST00414,Customer 00414,Consumer,Portland,OR,2024-08-24,True
CUST00415,Customer 00415,Wholesale,Seattle,WA,2022-05-11,True
CUST00416,Customer 00416,Consumer,Tacoma,WA,2022-08-25,True
CUST00417,Customer 00417,SMB,Las Vegas,NV,2022-11-20,True
CUST00418,Customer 00418,Consumer,Fremont,CA,2023-01-20,True
CUST00419,Customer 00419,Consumer,Provo,UT,2023-10-03,True
CUST00420,Customer 00420,Consumer,Oakland,CA,2021-12-13,True
CUST00421,Customer 00421,Consumer,Bellevue,WA,2023-01-24,True
CUST00422,Customer 00422,SMB,Everett,WA,2024-10-28,True
CUST00423,Customer 00423,Wholesale,Tacoma,WA,2024-11-30,True
CUST00424,Customer 00424,Consumer,Redmond,WA,2024-09-24,True
CUST00425,Customer 00425,Consumer,Kent,WA,2023-10-15,True
CUST00426,Customer 00426,Consumer,Fremont,CA,2023-05-20,True
CUST00427,Customer 00427,Consumer,Las Vegas,NV,2023-03-17,True
CUST00428,Customer 00428,Consumer,Boise,ID,2023-06-18,True
CUST00429,Customer 00429,Consumer,Salt Lake City,UT,2022-08-11,True
CUST00430,Customer 00430,Wholesale,Renton,WA,2022-11-13,True
CUST00431,Customer 00431,Consumer,Kent,WA,2023-04-28,True
CUST00432,Customer 00432,Consumer,Sacramento,CA,2023-09-28,True
CUST00433,Customer 00433,Wholesale,Sacramento,CA,2021-11-07,True
CUST00434,Customer 00434,Consumer,Redmond,WA,2023-08-23,True
CUST00435,Customer 00435,Wholesale,Seattle,WA,2022-12-04,True
CUST00436,Customer 00436,Consumer,Fremont,CA,2022-11-21,True
CUST00437,Customer 00437,Consumer,Portland,OR,2021-11-14,True
CUST00438,Customer 00438,Consumer,Renton,WA,2024-12-01,True
CUST00439,Customer 00439,Consumer,Everett,WA,2022-04-27,True
CUST00440,Customer 00440,Consumer,Fremont,CA,2023-08-30,True
CUST00441,Customer 00441,Consumer,Sacramento,CA,2022-12-28,True
CUST00442,Customer 00442,Consumer,Kent,WA,2022-05-16,True
CUST00443,Customer 00443,Consumer,Bellevue,WA,2022-09-07,True
CUST00444,Customer 00444,Consumer,Boise,ID,2021-11-25,True
CUST00445,Customer 00445,Consumer,Salem,OR,2023-11-27,True
CUST00446,Customer 00446,Consumer,Tacoma,WA,2021-12-01,True
CUST00447,Customer 00447,SMB,Oakland,CA,2022-04-07,False
CUST00448,Customer 00448,Consumer,Salem,OR,2023-01-11,True
CUST00449,Customer 00449,Consumer,Sacramento,CA,2021-12-18,False
CUST00450,Customer 00450,SMB,Salt Lake City,UT,2024-08-02,True
CUST00451,Customer 00451,Consumer,San Jose,CA,2023-09-16,True
CUST00452,Customer 00452,Consumer,Bellevue,WA,2022-11-29,True
CUST00453,Customer 00453,Consumer,Salem,OR,2024-11-30,True
CUST00454,Customer 00454,Consumer,Portland,OR,2023-06-19,True
CUST00455,Customer 00455,SMB,Redmond,WA,2022-08-04,True
CUST00456,Customer 00456,Wholesale,Reno,NV,2022-01-24,True
CUST00457,Customer 00457,Consumer,Redmond,WA,2023-01-07,True
CUST00458,Customer 00458,Wholesale,Renton,WA,2022-06-06,True
CUST00459,Customer 00459,Consumer,Salt Lake City,UT,2024-07-20,True
CUST00460,Customer 00460,Consumer,Boise,ID,2022-11-17,True
CUST00461,Customer 00461,SMB,Portland,OR,2024-07-16,True
CUST00462,Customer 00462,Consumer,Tacoma,WA,2024-06-20,True
CUST00463,Customer 00463,Consumer,Reno,NV,2021-10-29,True
CUST00464,Customer 00464,Consumer,Seattle,WA,2023-06-07,True
CUST00465,Customer 00465,Consumer,Portland,OR,2023-03-29,True
CUST00466,Customer 00466,SMB,Bellevue,WA,2022-10-09,True
CUST00467,Customer 00467,Consumer,Redmond,WA,2022-10-28,True
CUST00468,Customer 00468,SMB,Salem,OR,2024-03-21,True
CUST00469,Customer 00469,Consumer,San Jose,CA,2023-01-24,True
CUST00470,Customer 00470,Consumer,Tacoma,WA,2022-10-12,False
CUST00471,Customer 00471,Consumer,Everett,WA,2022-06-24,True
CUST00472,Customer 00472,Consumer,Kent,WA,2021-09-20,True
CUST00473,Customer 00473,Consumer,Redmond,WA,2023-08-16,True
CUST00474,Customer 00474,Consumer,Bellevue,WA,2024-02-21,True
CUST00475,Customer 00475,Consumer,Seattle,WA,2023-04-11,True
CUST00476,Customer 00476,Consumer,San Jose,CA,2023-12-15,True
CUST00477,Customer 00477,Consumer,Salem,OR,2024-07-02,True
CUST00478,Customer 00478,SMB,Redmond,WA,2022-11-05,True
CUST00479,Customer 00479,Consumer,Tacoma,WA,2021-11-13,True
CUST00480,Customer 00480,Consumer,Salt Lake City,UT,2024-01-20,True
CUST00481,Customer 00481,Consumer,Kent,WA,2024-01-25,True
CUST00482,Customer 00482,SMB,Kent,WA,2022-12-24,True
CUST00483,Customer 00483,Consumer,Everett,WA,2023-11-28,True
CUST00484,Customer 00484,Wholesale,Seattle,WA,2023-02-21,True
CUST00485,Customer 00485,Consumer,Tacoma,WA,2023-02-16,True
CUST00486,Customer 00486,Consumer,Boise,ID,2023-11-17,True
CUST00487,Customer 00487,Wholesale,Kent,WA,2023-05-16,True
CUST00488,Customer 00488,Consumer,Beaverton,OR,2023-06-07,True
CUST00489,Customer 00489,Wholesale,Seattle,WA,2023-11-19,True
CUST00490,Customer 00490,Wholesale,Portland,OR,2022-06-01,True
CUST00491,Customer 00491,Consumer,Tacoma,WA,2024-08-13,True
CUST00492,Customer 00492,Consumer,Sacramento,CA,2024-03-22,True
CUST00493,Customer 00493,Consumer,Everett,WA,2022-08-19,True
CUST00494,Customer 00494,Consumer,Redmond,WA,2022-10-04,True
CUST00495,Customer 00495,Consumer,Las Vegas,NV,2022-12-27,True
CUST00496,Customer 00496,Consumer,Boise,ID,2023-08-12,True
CUST00497,Customer 00497,Consumer,Everett,WA,2021-11-05,False
CUST00498,Customer 00498,Wholesale,Sacramento,CA,2023-02-22,False
CUST00499,Customer 00499,Consumer,Seattle,WA,2023-10-05,True
CUST00500,Customer 00500,Consumer,Beaverton,OR,2022-10-23,True
CUST00501,Customer 00501,Consumer,Fremont,CA,2024-11-12,True
CUST00502,Customer 00502,Consumer,Seattle,WA,2024-03-17,True
CUST00503,Customer 00503,Consumer,Tacoma,WA,2022-04-18,True
CUST00504,Customer 00504,Consumer,Everett,WA,2023-03-20,True
CUST00505,Customer 00505,Consumer,Everett,WA,2023-01-30,True
CUST00506,Customer 00506,Wholesale,Fremont,CA,2023-08-21,True
CUST00507,Customer 00507,Consumer,Hillsboro,OR,2022-05-31,True
CUST00508,Customer 00508,Consumer,Bellevue,WA,2022-07-31,True
CUST00509,Customer 00509,Consumer,Fremont,CA,2022-08-06,True
CUST00510,Customer 00510,Consumer,Fremont,CA,2024-08-26,True
CUST00511,Customer 00511,Consumer,Fremont,CA,2023-11-25,True
CUST00512,Customer 00512,Consumer,Tacoma,WA,2023-04-01,True
CUST00513,Customer 00513,Consumer,Portland,OR,2022-06-09,True
CUST00514,Customer 00514,Wholesale,Meridian,ID,2024-07-12,True
CUST00515,Customer 00515,Consumer,Bellevue,WA,2023-12-24,True
CUST00516,Customer 00516,Consumer,Kent,WA,2024-03-25,True
CUST00517,Customer 00517,Consumer,Kent,WA,2024-01-13,True
CUST00518,Customer 00518,Consumer,Beaverton,OR,2022-06-23,True
CUST00519,Customer 00519,Consumer,Boise,ID,2023-11-29,True
CUST00520,Customer 00520,Consumer,Provo,UT,2022-03-31,True
CUST00521,Customer 00521,Consumer,Meridian,ID,2021-11-01,True
CUST00522,Customer 00522,Consumer,Oakland,CA,2023-09-29,True
CUST00523,Customer 00523,Consumer,Kent,WA,2022-03-24,True
CUST00524,Customer 00524,Consumer,Seattle,WA,2021-12-16,True
CUST00525,Customer 00525,SMB,Tacoma,WA,2022-07-13,True
CUST00526,Customer 00526,SMB,Salt Lake City,UT,2023-08-14,True
CUST00527,Customer 00527,Consumer,Provo,UT,2024-07-07,True
CUST00528,Customer 00528,Consumer,Salt Lake City,UT,2023-01-14,True
CUST00529,Customer 00529,Consumer,Salem,OR,2024-03-22,True
CUST00530,Customer 00530,Consumer,Boise,ID,2022-01-07,True
CUST00531,Customer 00531,Wholesale,Hillsboro,OR,2023-05-13,True
CUST00532,Customer 00532,Consumer,Tacoma,WA,2024-06-20,True
CUST00533,Customer 00533,Wholesale,Sacramento,CA,2023-06-14,True
CUST00534,Customer 00534,Consumer,Tacoma,WA,2024-03-08,True
CUST00535,Customer 00535,Consumer,Meridian,ID,2021-10-07,True
CUST00536,Customer 00536,Consumer,Salem,OR,2024-06-25,True
CUST00537,Customer 00537,Consumer,Oakland,CA,2022-04-08,True
CUST00538,Customer 00538,SMB,Tacoma,WA,2024-06-25,True
CUST00539,Customer 00539,SMB,Hillsboro,OR,2022-01-03,True
CUST00540,Customer 00540,Consumer,Salt Lake City,UT,2023-03-12,True
CUST00541,Customer 00541,Consumer,Redmond,WA,2022-04-14,True
CUST00542,Customer 00542,Consumer,Reno,NV,2022-06-05,True
CUST00543,Customer 00543,Consumer,Reno,NV,2024-12-31,False
CUST00544,Customer 00544,Wholesale,Everett,WA,2023-04-24,True
CUST00545,Customer 00545,Consumer,Las Vegas,NV,2022-12-25,True
CUST00546,Customer 00546,Consumer,Everett,WA,2022-10-13,True
CUST00547,Customer 00547,Consumer,Fremont,CA,2024-06-29,True
CUST00548,Customer 00548,Consumer,Kent,WA,2023-09-26,True
CUST00549,Customer 00549,Consumer,Seattle,WA,2024-04-30,False
CUST00550,Customer 00550,Consumer,Bellevue,WA,2023-09-21,True
CUST00551,Customer 00551,Consumer,San Jose,CA,2022-12-11,True
CUST00552,Customer 00552,SMB,Tacoma,WA,2024-04-04,True
CUST00553,Customer 00553,Consumer,San Jose,CA,2024-12-15,True
CUST00554,Customer 00554,SMB,Renton,WA,2024-02-26,True
CUST00555,Customer 00555,SMB,Salem,OR,2024-07-08,True
CUST00556,Customer 00556,Consumer,Seattle,WA,2022-11-07,True
CUST00557,Customer 00557,Consumer,Tacoma,WA,2023-06-14,True
CUST00558,Customer 00558,Consumer,Redmond,WA,2023-05-29,True
CUST00559,Customer 00559,Consumer,Oakland,CA,2022-02-23,True
CUST00560,Customer 00560,Consumer,Everett,WA,2023-08-30,True
CUST00561,Customer 00561,Consumer,Kent,WA,2024-08-09,True
CUST00562,Customer 00562,Wholesale,Provo,UT,2024-04-06,True
CUST00563,Customer 00563,Consumer,Meridian,ID,2024-01-14,True
CUST00564,Customer 00564,Consumer,Salt Lake City,UT,2024-08-16,True
CUST00565,Customer 00565,Wholesale,Seattle,WA,2022-10-09,True
CUST00566,Customer 00566,Consumer,Salem,OR,2022-10-01,True
CUST00567,Customer 00567,Consumer,Beaverton,OR,2023-04-08,True
CUST00568,Customer 00568,Consumer,Reno,NV,2022-10-24,True
CUST00569,Customer 00569,Consumer,San Jose,CA,2022-07-21,True
CUST00570,Customer 00570,Consumer,Boise,ID,2022-07-27,True
CUST00571,Customer 00571,Consumer,Portland,OR,2024-01-08,True
CUST00572,Customer 00572,Consumer,San Jose,CA,2023-01-22,True
CUST00573,Customer 00573,Consumer,Oakland,CA,2024-04-17,True
CUST00574,Customer 00574,SMB,Boise,ID,2024-11-02,True
CUST00575,Customer 00575,Consumer,Redmond,WA,2021-10-09,True
CUST00576,Customer 00576,Consumer,Hillsboro,OR,2021-10-29,True
CUST00577,Customer 00577,Consumer,Tacoma,WA,2021-10-14,True
CUST00578,Customer 00578,Consumer,Everett,WA,2024-10-03,True
CUST00579,Customer 00579,Consumer,Seattle,WA,2022-11-09,True
CUST00580,Customer 00580,Consumer,Tacoma,WA,2022-08-27,True
CUST00581,Customer 00581,Consumer,Everett,WA,2024-07-26,True
CUST00582,Customer 00582,Wholesale,Everett,WA,2023-12-31,True
CUST00583,Customer 00583,Wholesale,Portland,OR,2024-08-13,True
CUST00584,Customer 00584,Consumer,Meridian,ID,2021-11-26,True
CUST00585,Customer 00585,Consumer,Renton,WA,2023-04-20,True
CUST00586,Customer 00586,Consumer,Renton,WA,2022-03-28,False
CUST00587,Customer 00587,Consumer,Fremont,CA,2022-09-15,True
CUST00588,Customer 00588,Wholesale,Portland,OR,2024-12-30,True
CUST00589,Customer 00589,SMB,Everett,WA,2024-06-03,True
CUST00590,Customer 00590,Consumer,Provo,UT,2024-09-01,False
CUST00591,Customer 00591,Consumer,Renton,WA,2023-09-15,True
CUST00592,Customer 00592,Consumer,Hillsboro,OR,2024-07-12,True
CUST00593,Customer 00593,Consumer,Salem,OR,2021-10-27,True
CUST00594,Customer 00594,Consumer,Fremont,CA,2023-07-17,True
CUST00595,Customer 00595,SMB,Las Vegas,NV,2023-03-05,True
CUST00596,Customer 00596,Wholesale,Seattle,WA,2024-03-29,True
CUST00597,Customer 00597,Consumer,Beaverton,OR,2022-06-26,True
CUST00598,Customer 00598,Consumer,Redmond,WA,2023-11-03,True
CUST00599,Customer 00599,Consumer,Portland,OR,2023-04-19,True
CUST00600,Customer 00600,Consumer,San Jose,CA,2023-03-02,True
CUST00601,Customer 00601,Consumer,Oakland,CA,2024-09-23,True
CUST00602,Customer 00602,Consumer,Bellevue,WA,2022-09-26,True
CUST00603,Customer 00603,Consumer,Beaverton,OR,2024-06-07,True
CUST00604,Customer 00604,Consumer,Seattle,WA,2023-10-04,True
CUST00605,Customer 00605,Consumer,Meridian,ID,2024-07-13,True
CUST00606,Customer 00606,Consumer,Tacoma,WA,2024-08-22,True
CUST00607,Customer 00607,Consumer,Beaverton,OR,2023-02-22,True
CUST00608,Customer 00608,Consumer,Salt Lake City,UT,2021-10-14,True
CUST00609,Customer 00609,Consumer,Sacramento,CA,2022-08-12,True
CUST00610,Customer 00610,Consumer,Bellevue,WA,2022-07-03,True
CUST00611,Customer 00611,Consumer,Redmond,WA,2023-05-08,True
CUST00612,Customer 00612,Consumer,Las Vegas,NV,2023-06-09,True
CUST00613,Customer 00613,SMB,Everett,WA,2022-01-21,True
CUST00614,Customer 00614,Wholesale,Salt Lake City,UT,2022-12-28,True
CUST00615,Customer 00615,Wholesale,Oakland,CA,2022-03-10,True
CUST00616,Customer 00616,Consumer,Seattle,WA,2023-10-11,True
CUST00617,Customer 00617,Consumer,Meridian,ID,2022-05-11,True
CUST00618,Customer 00618,Wholesale,Fremont,CA,2024-06-10,True
CUST00619,Customer 00619,SMB,Redmond,WA,2024-09-09,True
CUST00620,Customer 00620,Consumer,Provo,UT,2024-01-12,True
CUST00621,Customer 00621,Wholesale,Hillsboro,OR,2024-11-05,True
CUST00622,Customer 00622,Consumer,Redmond,WA,2021-11-05,True
CUST00623,Customer 00623,Consumer,Meridian,ID,2024-01-08,True
CUST00624,Customer 00624,Consumer,Bellevue,WA,2024-11-22,True
CUST00625,Customer 00625,Consumer,Redmond,WA,2024-04-09,True
CUST00626,Customer 00626,SMB,Tacoma,WA,2023-03-11,True
CUST00627,Customer 00627,Wholesale,Everett,WA,2024-05-19,True
CUST00628,Customer 00628,Consumer,Boise,ID,2022-10-14,True
CUST00629,Customer 00629,Consumer,Renton,WA,2024-02-14,True
CUST00630,Customer 00630,Wholesale,Everett,WA,2023-03-24,True
CUST00631,Customer 00631,Consumer,Provo,UT,2024-01-08,True
CUST00632,Customer 00632,Consumer,Oakland,CA,2024-12-29,True
CUST00633,Customer 00633,SMB,Provo,UT,2021-10-27,True
CUST00634,Customer 00634,Consumer,Beaverton,OR,2024-06-02,True
CUST00635,Customer 00635,Consumer,Everett,WA,2023-01-22,False
CUST00636,Customer 00636,SMB,Seattle,WA,2023-02-14,True
CUST00637,Customer 00637,Consumer,Bellevue,WA,2023-01-15,True
CUST00638,Customer 00638,Consumer,Seattle,WA,2022-07-19,True
CUST00639,Customer 00639,Consumer,Provo,UT,2022-11-18,True
CUST00640,Customer 00640,Consumer,Tacoma,WA,2021-10-06,True
CUST00641,Customer 00641,Consumer,Fremont,CA,2024-10-25,True
CUST00642,Customer 00642,Consumer,Seattle,WA,2024-01-19,True
CUST00643,Customer 00643,Consumer,Seattle,WA,2024-06-25,True
CUST00644,Customer 00644,SMB,Provo,UT,2022-08-02,True
CUST00645,Customer 00645,Consumer,Kent,WA,2024-06-08,True
CUST00646,Customer 00646,Consumer,Provo,UT,2021-12-22,True
CUST00647,Customer 00647,Consumer,Bellevue,WA,2022-10-20,True
CUST00648,Customer 00648,Consumer,Boise,ID,2024-12-25,True
CUST00649,Customer 00649,Consumer,Everett,WA,2022-04-24,True
CUST00650,Customer 00650,Consumer,Bellevue,WA,2024-07-18,True
CUST00651,Customer 00651,Consumer,Tacoma,WA,2022-04-06,True
CUST00652,Customer 00652,Consumer,Everett,WA,2023-12-20,True
CUST00653,Customer 00653,Consumer,Bellevue,WA,2023-07-12,True
CUST00654,Customer 00654,Consumer,Tacoma,WA,2024-08-28,True
CUST00655,Customer 00655,Consumer,San Jose,CA,2023-01-28,True
CUST00656,Customer 00656,Consumer,Tacoma,WA,2021-11-25,True
CUST00657,Customer 00657,Consumer,Redmond,WA,2022-01-01,True
CUST00658,Customer 00658,Consumer,Reno,NV,2024-07-24,True
CUST00659,Customer 00659,Consumer,Boise,ID,2022-02-08,True
CUST00660,Customer 00660,Consumer,Fremont,CA,2022-06-27,True
CUST00661,Customer 00661,SMB,Salt Lake City,UT,2024-04-18,True
CUST00662,Customer 00662,Consumer,Everett,WA,2024-03-05,True
CUST00663,Customer 00663,Wholesale,Everett,WA,2024-08-17,True
CUST00664,Customer 00664,SMB,Hillsboro,OR,2022-02-02,True
CUST00665,Customer 00665,Consumer,Meridian,ID,2024-03-01,True
CUST00666,Customer 00666,Wholesale,Portland,OR,2021-11-06,True
CUST00667,Customer 00667,SMB,Oakland,CA,2023-07-11,True
CUST00668,Customer 00668,Consumer,Salem,OR,2023-06-17,True
CUST00669,Customer 00669,Consumer,Salem,OR,2023-02-23,True
CUST00670,Customer 00670,Wholesale,Kent,WA,2022-12-01,True
CUST00671,Customer 00671,Consumer,Meridian,ID,2022-04-01,True
CUST00672,Customer 00672,Consumer,Fremont,CA,2022-07-09,True
CUST00673,Customer 00673,Consumer,Everett,WA,2024-07-03,True
CUST00674,Customer 00674,Consumer,Tacoma,WA,2022-04-15,True
CUST00675,Customer 00675,Consumer,Boise,ID,2024-02-11,True
CUST00676,Customer 00676,Consumer,Sacramento,CA,2022-01-24,True
CUST00677,Customer 00677,SMB,Bellevue,WA,2023-11-17,True
CUST00678,Customer 00678,Consumer,Kent,WA,2022-12-25,True
CUST00679,Customer 00679,Consumer,Tacoma,WA,2022-10-12,True
CUST00680,Customer 00680,Consumer,Seattle,WA,2022-04-06,True
CUST00681,Customer 00681,Consumer,Tacoma,WA,2021-11-29,True
CUST00682,Customer 00682,SMB,Renton,WA,2024-06-30,True
CUST00683,Customer 00683,SMB,Bellevue,WA,2023-10-21,True
CUST00684,Customer 00684,Consumer,Beaverton,OR,2022-09-16,True
CUST00685,Customer 00685,Consumer,Boise,ID,2024-04-06,True
CUST00686,Customer 00686,Consumer,Portland,OR,2023-04-17,True
CUST00687,Customer 00687,Consumer,Oakland,CA,2022-11-22,True
CUST00688,Customer 00688,Consumer,Beaverton,OR,2022-01-31,True
CUST00689,Customer 00689,Consumer,Seattle,WA,2022-11-27,True
CUST00690,Customer 00690,Consumer,Hillsboro,OR,2024-05-25,True
CUST00691,Customer 00691,Consumer,Renton,WA,2023-06-14,True
CUST00692,Customer 00692,Consumer,Oakland,CA,2022-02-07,True
CUST00693,Customer 00693,Consumer,Las Vegas,NV,2024-03-21,True
CUST00694,Customer 00694,Consumer,Oakland,CA,2022-08-28,True
CUST00695,Customer 00695,Consumer,Fremont,CA,2023-10-04,True
CUST00696,Customer 00696,Wholesale,Salem,OR,2022-12-29,True
CUST00697,Customer 00697,Consumer,Boise,ID,2022-05-13,True
CUST00698,Customer 00698,Consumer,Tacoma,WA,2023-12-24,True
CUST00699,Customer 00699,Consumer,Reno,NV,2023-10-02,True
CUST00700,Customer 00700,SMB,Tacoma,WA,2022-12-02,True
CUST00701,Customer 00701,Consumer,Tacoma,WA,2024-09-14,True
CUST00702,Customer 00702,Consumer,Portland,OR,2023-11-30,True
CUST00703,Customer 00703,Consumer,Meridian,ID,2022-09-08,True
CUST00704,Customer 00704,Wholesale,Boise,ID,2023-01-31,True
CUST00705,Customer 00705,Consumer,Salem,OR,2023-12-29,True
CUST00706,Customer 00706,Consumer,Beaverton,OR,2024-09-05,True
CUST00707,Customer 00707,SMB,Tacoma,WA,2021-10-09,True
CUST00708,Customer 00708,Consumer,Portland,OR,2022-07-28,True
CUST00709,Customer 00709,Consumer,Kent,WA,2024-10-16,True
CUST00710,Customer 00710,SMB,San Jose,CA,2022-01-10,True
CUST00711,Customer 00711,Consumer,Fremont,CA,2023-01-27,True
CUST00712,Customer 00712,Consumer,Redmond,WA,2024-01-25,True
CUST00713,Customer 00713,Consumer,Renton,WA,2022-02-01,True
CUST00714,Customer 00714,Wholesale,Everett,WA,2023-01-31,False
CUST00715,Customer 00715,Consumer,Beaverton,OR,2022-09-28,True
CUST00716,Customer 00716,Consumer,Bellevue,WA,2024-11-18,True
CUST00717,Customer 00717,SMB,Renton,WA,2024-10-17,True
CUST00718,Customer 00718,Consumer,Portland,OR,2024-09-25,True
CUST00719,Customer 00719,Consumer,San Jose,CA,2024-05-09,True
CUST00720,Customer 00720,Consumer,Redmond,WA,2024-02-23,True
CUST00721,Customer 00721,Consumer,San Jose,CA,2024-06-09,True
CUST00722,Customer 00722,SMB,Redmond,WA,2022-08-28,True
CUST00723,Customer 00723,Consumer,Everett,WA,2023-06-03,True
CUST00724,Customer 00724,Consumer,Bellevue,WA,2023-07-13,True
CUST00725,Customer 00725,SMB,Provo,UT,2023-05-08,True
CUST00726,Customer 00726,Consumer,Beaverton,OR,2022-04-23,True
CUST00727,Customer 00727,Consumer,Everett,WA,2024-05-20,True
CUST00728,Customer 00728,Wholesale,Fremont,CA,2022-02-19,True
CUST00729,Customer 00729,Consumer,Oakland,CA,2022-06-11,False
CUST00730,Customer 00730,Consumer,Kent,WA,2024-01-10,True
CUST00731,Customer 00731,SMB,Meridian,ID,2023-04-02,True
CUST00732,Customer 00732,SMB,Tacoma,WA,2024-09-30,True
CUST00733,Customer 00733,Consumer,Everett,WA,2022-12-31,True
CUST00734,Customer 00734,SMB,Provo,UT,2024-06-25,True
CUST00735,Customer 00735,Consumer,Seattle,WA,2022-06-12,True
CUST00736,Customer 00736,Consumer,Tacoma,WA,2022-08-22,True
CUST00737,Customer 00737,Consumer,San Jose,CA,2024-09-03,False
CUST00738,Customer 00738,Consumer,Boise,ID,2022-04-19,True
CUST00739,Customer 00739,Consumer,Fremont,CA,2022-12-29,True
CUST00740,Customer 00740,Consumer,Boise,ID,2022-04-08,True
CUST00741,Customer 00741,Consumer,Seattle,WA,2023-03-30,True
CUST00742,Customer 00742,Wholesale,Boise,ID,2023-02-09,True
CUST00743,Customer 00743,Consumer,San Jose,CA,2023-08-11,True
CUST00744,Customer 00744,Consumer,Sacramento,CA,2021-11-15,True
CUST00745,Customer 00745,Consumer,Portland,OR,2024-02-15,True
CUST00746,Customer 00746,SMB,Salem,OR,2024-08-01,True
CUST00747,Customer 00747,Wholesale,Renton,WA,2024-09-20,True
CUST00748,Customer 00748,Consumer,Salem,OR,2023-09-08,True
CUST00749,Customer 00749,Consumer,Redmond,WA,2022-03-18,True
CUST00750,Customer 00750,SMB,Kent,WA,2024-11-26,True
CUST00751,Customer 00751,Consumer,Redmond,WA,2024-06-29,True
CUST00752,Customer 00752,SMB,Provo,UT,2021-11-07,True
CUST00753,Customer 00753,Consumer,Oakland,CA,2024-09-12,True
CUST00754,Customer 00754,Consumer,Meridian,ID,2022-05-09,True
CUST00755,Customer 00755,Consumer,Kent,WA,2023-10-05,True
CUST00756,Customer 00756,Wholesale,Everett,WA,2023-05-15,True
CUST00757,Customer 00757,Consumer,Seattle,WA,2024-01-31,True
CUST00758,Customer 00758,Consumer,Meridian,ID,2023-11-27,True
CUST00759,Customer 00759,Consumer,Las Vegas,NV,2023-12-08,True
CUST00760,Customer 00760,Consumer,Kent,WA,2024-04-24,True
CUST00761,Customer 00761,Wholesale,Beaverton,OR,2024-12-24,True
CUST00762,Customer 00762,SMB,Kent,WA,2022-04-18,True
CUST00763,Customer 00763,Consumer,Fremont,CA,2024-01-12,True
CUST00764,Customer 00764,Consumer,Kent,WA,2023-03-14,True
CUST00765,Customer 00765,Wholesale,Redmond,WA,2023-08-12,True
CUST00766,Customer 00766,Consumer,Provo,UT,2024-04-03,True
CUST00767,Customer 00767,SMB,Hillsboro,OR,2021-12-07,True
CUST00768,Customer 00768,Consumer,Fremont,CA,2023-05-17,True
CUST00769,Customer 00769,Wholesale,Reno,NV,2024-01-03,True
CUST00770,Customer 00770,SMB,Oakland,CA,2023-01-11,True
CUST00771,Customer 00771,Consumer,Salem,OR,2022-01-04,True
CUST00772,Customer 00772,Consumer,Boise,ID,2024-11-11,True
CUST00773,Customer 00773,Consumer,Seattle,WA,2024-02-07,False
CUST00774,Customer 00774,SMB,Fremont,CA,2023-05-08,True
CUST00775,Customer 00775,SMB,Hillsboro,OR,2024-06-06,True
CUST00776,Customer 00776,SMB,Fremont,CA,2021-11-09,True
CUST00777,Customer 00777,Consumer,Hillsboro,OR,2024-09-27,True
CUST00778,Customer 00778,Wholesale,Tacoma,WA,2023-04-02,False
CUST00779,Customer 00779,Consumer,Everett,WA,2022-07-09,True
CUST00780,Customer 00780,SMB,Las Vegas,NV,2021-12-09,True
CUST00781,Customer 00781,Wholesale,Everett,WA,2023-05-10,True
CUST00782,Customer 00782,Consumer,Salt Lake City,UT,2024-01-12,True
CUST00783,Customer 00783,Consumer,Seattle,WA,2021-11-19,True
CUST00784,Customer 00784,Consumer,Tacoma,WA,2023-02-25,True
CUST00785,Customer 00785,Consumer,Reno,NV,2023-03-13,True
CUST00786,Customer 00786,Consumer,Oakland,CA,2021-10-17,True
CUST00787,Customer 00787,Consumer,Everett,WA,2023-10-09,False
CUST00788,Customer 00788,Consumer,Beaverton,OR,2021-12-29,True
CUST00789,Customer 00789,Consumer,Bellevue,WA,2023-02-23,True
CUST00790,Customer 00790,Consumer,Tacoma,WA,2022-05-05,False
CUST00791,Customer 00791,Consumer,Boise,ID,2023-01-24,True
CUST00792,Customer 00792,Wholesale,Reno,NV,2023-03-16,True
CUST00793,Customer 00793,Consumer,San Jose,CA,2021-12-22,True
CUST00794,Customer 00794,SMB,Redmond,WA,2022-11-26,True
CUST00795,Customer 00795,Consumer,Salem,OR,2023-12-04,True
CUST00796,Customer 00796,Consumer,Seattle,WA,2021-12-27,True
CUST00797,Customer 00797,Consumer,Beaverton,OR,2023-10-23,True
CUST00798,Customer 00798,Consumer,Seattle,WA,2022-07-25,True
CUST00799,Customer 00799,Consumer,Reno,NV,2023-02-22,True
CUST00800,Customer 00800,SMB,Bellevue,WA,2021-11-16,True
CUST00801,Customer 00801,Consumer,Meridian,ID,2022-06-23,True
CUST00802,Customer 00802,Consumer,Seattle,WA,2024-05-04,True
CUST00803,Customer 00803,SMB,Portland,OR,2021-09-20,True
CUST00804,Customer 00804,Wholesale,Meridian,ID,2024-05-29,True
CUST00805,Customer 00805,Consumer,San Jose,CA,2022-07-20,True
CUST00806,Customer 00806,Consumer,Boise,ID,2022-01-05,True
CUST00807,Customer 00807,Wholesale,Oakland,CA,2024-03-12,True
CUST00808,Customer 00808,Wholesale,Las Vegas,NV,2024-12-10,True
CUST00809,Customer 00809,Consumer,Portland,OR,2021-10-17,True
CUST00810,Customer 00810,Consumer,Portland,OR,2023-01-28,True
CUST00811,Customer 00811,Consumer,Reno,NV,2023-10-07,True
CUST00812,Customer 00812,Consumer,Seattle,WA,2021-10-28,True
CUST00813,Customer 00813,Consumer,Meridian,ID,2024-08-05,True
CUST00814,Customer 00814,Consumer,Seattle,WA,2021-09-30,True
CUST00815,Customer 00815,Consumer,Bellevue,WA,2023-09-09,True
CUST00816,Customer 00816,Consumer,Beaverton,OR,2022-06-24,True
CUST00817,Customer 00817,Consumer,Fremont,CA,2022-12-17,True
CUST00818,Customer 00818,Consumer,Salt Lake City,UT,2023-08-16,True
CUST00819,Customer 00819,Consumer,Sacramento,CA,2022-12-27,True
CUST00820,Customer 00820,Consumer,Sacramento,CA,2022-12-29,True
CUST00821,Customer 00821,Consumer,Portland,OR,2024-07-18,True
CUST00822,Customer 00822,SMB,Boise,ID,2023-11-26,True
CUST00823,Customer 00823,SMB,Reno,NV,2024-11-24,True
CUST00824,Customer 00824,SMB,Salem,OR,2023-10-24,True
CUST00825,Customer 00825,Consumer,Salem,OR,2024-03-03,True
CUST00826,Customer 00826,Consumer,Tacoma,WA,2023-05-17,True
CUST00827,Customer 00827,Consumer,Portland,OR,2022-03-10,True
CUST00828,Customer 00828,Wholesale,Tacoma,WA,2024-01-28,True
CUST00829,Customer 00829,Consumer,Bellevue,WA,2021-10-31,True
CUST00830,Customer 00830,Wholesale,Provo,UT,2024-10-11,True
CUST00831,Customer 00831,Consumer,Portland,OR,2023-09-10,True
CUST00832,Customer 00832,Consumer,Tacoma,WA,2022-05-16,True
CUST00833,Customer 00833,Wholesale,Reno,NV,2023-03-10,True
CUST00834,Customer 00834,SMB,Provo,UT,2023-07-12,True
CUST00835,Customer 00835,Consumer,Salem,OR,2022-12-15,True
CUST00836,Customer 00836,Consumer,Reno,NV,2022-11-23,False
CUST00837,Customer 00837,Consumer,Kent,WA,2023-01-26,True
CUST00838,Customer 00838,Consumer,Portland,OR,2024-03-23,True
CUST00839,Customer 00839,Consumer,Redmond,WA,2023-10-26,True
CUST00840,Customer 00840,SMB,Redmond,WA,2024-05-04,True
CUST00841,Customer 00841,SMB,Renton,WA,2022-04-21,True
CUST00842,Customer 00842,Consumer,Beaverton,OR,2022-09-13,True
CUST00843,Customer 00843,Consumer,Redmond,WA,2024-04-01,True
CUST00844,Customer 00844,Consumer,Redmond,WA,2024-01-27,True
CUST00845,Customer 00845,Consumer,Kent,WA,2021-11-04,True
CUST00846,Customer 00846,Wholesale,Meridian,ID,2023-10-16,True
CUST00847,Customer 00847,Consumer,Provo,UT,2022-09-13,True
CUST00848,Customer 00848,Consumer,Fremont,CA,2022-02-20,True
CUST00849,Customer 00849,Wholesale,Oakland,CA,2024-08-14,True
CUST00850,Customer 00850,Consumer,Seattle,WA,2022-01-27,True
CUST00851,Customer 00851,SMB,Salem,OR,2024-06-18,True
CUST00852,Customer 00852,SMB,Reno,NV,2022-01-09,True
CUST00853,Customer 00853,Consumer,Kent,WA,2021-12-24,True
CUST00854,Customer 00854,Consumer,Las Vegas,NV,2022-12-05,True
CUST00855,Customer 00855,Consumer,Sacramento,CA,2022-04-20,True
CUST00856,Customer 00856,SMB,Redmond,WA,2021-10-10,True
CUST00857,Customer 00857,SMB,Kent,WA,2024-07-14,True
CUST00858,Customer 00858,Consumer,Meridian,ID,2024-12-21,True
CUST00859,Customer 00859,Consumer,San Jose,CA,2022-11-25,True
CUST00860,Customer 00860,Consumer,Oakland,CA,2024-05-28,True
CUST00861,Customer 00861,Consumer,Oakland,CA,2021-12-31,True
CUST00862,Customer 00862,Wholesale,Renton,WA,2022-10-11,True
CUST00863,Customer 00863,Consumer,Tacoma,WA,2024-01-01,True
CUST00864,Customer 00864,Wholesale,Hillsboro,OR,2021-10-06,True
CUST00865,Customer 00865,SMB,Fremont,CA,2024-05-03,True
CUST00866,Customer 00866,Wholesale,Everett,WA,2024-06-10,True
CUST00867,Customer 00867,SMB,Renton,WA,2024-09-17,True
CUST00868,Customer 00868,SMB,Salt Lake City,UT,2024-03-10,True
CUST00869,Customer 00869,Consumer,Portland,OR,2023-10-05,True
CUST00870,Customer 00870,Wholesale,Salem,OR,2022-10-04,True
CUST00871,Customer 00871,Wholesale,Portland,OR,2024-01-09,True
CUST00872,Customer 00872,SMB,Bellevue,WA,2022-02-05,True
CUST00873,Customer 00873,Consumer,Redmond,WA,2023-09-15,True
CUST00874,Customer 00874,Consumer,Oakland,CA,2025-01-01,False
CUST00875,Customer 00875,SMB,Renton,WA,2023-01-09,True
CUST00876,Customer 00876,Consumer,Bellevue,WA,2024-08-14,True
CUST00877,Customer 00877,Consumer,Hillsboro,OR,2023-06-15,True
CUST00878,Customer 00878,Wholesale,Provo,UT,2021-10-12,True
CUST00879,Customer 00879,Consumer,Redmond,WA,2024-08-06,True
CUST00880,Customer 00880,SMB,Seattle,WA,2023-07-24,True
CUST00881,Customer 00881,Consumer,Meridian,ID,2022-11-21,True
CUST00882,Customer 00882,Wholesale,Oakland,CA,2022-06-07,True
CUST00883,Customer 00883,Consumer,Reno,NV,2023-07-23,True
CUST00884,Customer 00884,Consumer,Beaverton,OR,2023-09-19,True
CUST00885,Customer 00885,Consumer,Renton,WA,2024-12-13,True
CUST00886,Customer 00886,Consumer,Renton,WA,2023-02-01,True
CUST00887,Customer 00887,Consumer,Las Vegas,NV,2023-10-12,True
CUST00888,Customer 00888,Consumer,Everett,WA,2023-12-09,True
CUST00889,Customer 00889,Consumer,Everett,WA,2023-07-08,True
CUST00890,Customer 00890,SMB,Bellevue,WA,2023-01-03,True
CUST00891,Customer 00891,Consumer,Seattle,WA,2022-03-30,True
CUST00892,Customer 00892,SMB,San Jose,CA,2022-12-03,True
CUST00893,Customer 00893,Consumer,Hillsboro,OR,2022-02-20,True
CUST00894,Customer 00894,Consumer,Redmond,WA,2022-01-21,True
CUST00895,Customer 00895,Consumer,Portland,OR,2022-10-18,True
CUST00896,Customer 00896,Wholesale,Sacramento,CA,2022-02-05,True
CUST00897,Customer 00897,Consumer,San Jose,CA,2022-11-16,True
CUST00898,Customer 00898,SMB,Redmond,WA,2023-12-15,True
CUST00899,Customer 00899,Wholesale,Kent,WA,2023-01-30,True
CUST00900,Customer 00900,Consumer,Beaverton,OR,2022-12-01,True
